Workbook

Sheet Summary
A1: Street names add-on: renamed streets for review
A2: Prepared 19 October 2026 from OpenStreetMap and official municipal announcements.
A4: How to review
A5: • On the Streets tab, fill in the yellow 'Founder decision' column with Keep, Drop or Unsure (pick from the list).
A6: • 'Suggested' is Claude's first sort: Keep, Add (announced but missing from the map data), Check (confirm first), Drop.
A7: • 'Open map' shows where the street is, so you can see the street's current name on the map.
A8: • Example: Durban | West Street | Doctor Pixley Kaseme Street | Suggested Keep | Founder decision Keep.
A9: • The table below updates as decisions are filled in.
A11: By area
A12: Area | B12: Keep | C12: Add | D12: Check | E12: Drop | F12: Founders: Keep | G12: Not reviewed
A13: Durban (eThekwini) | B13: =COUNTIFS(Streets!$A$2:$A$255,$A13,Streets!$E$2:$E$255,"Keep") -> 64 | C13: =COUNTIFS(Streets!$A$2:$A$255,$A13,Streets!$E$2:$E$255,"Add") -> 0 | D13: =COUNTIFS(Streets!$A$2:$A$255,$A13,Streets!$E$2:$E$255,"Check") -> 2 | E13: =COUNTIFS(Streets!$A$2:$A$255,$A13,Streets!$E$2:$E$255,"Drop") -> 6 | F13: =COUNTIFS(Streets!$A$2:$A$255,$A13,Streets!$F$2:$F$255,"Keep") -> 0 | G13: =COUNTIFS(Streets!$A$2:$A$255,$A13,Streets!$F$2:$F$255,"") -> 72
A14: Pretoria (Tshwane) | B14: =COUNTIFS(Streets!$A$2:$A$255,$A14,Streets!$E$2:$E$255,"Keep") -> 29 | C14: =COUNTIFS(Streets!$A$2:$A$255,$A14,Streets!$E$2:$E$255,"Add") -> 2 | D14: =COUNTIFS(Streets!$A$2:$A$255,$A14,Streets!$E$2:$E$255,"Check") -> 0 | E14: =COUNTIFS(Streets!$A$2:$A$255,$A14,Streets!$E$2:$E$255,"Drop") -> 8 | F14: =COUNTIFS(Streets!$A$2:$A$255,$A14,Streets!$F$2:$F$255,"Keep") -> 0 | G14: =COUNTIFS(Streets!$A$2:$A$255,$A14,Streets!$F$2:$F$255,"") -> 39
A15: Ekurhuleni (East Rand) | B15: =COUNTIFS(Streets!$A$2:$A$255,$A15,Streets!$E$2:$E$255,"Keep") -> 1 | C15: =COUNTIFS(Streets!$A$2:$A$255,$A15,Streets!$E$2:$E$255,"Add") -> 29 | D15: =COUNTIFS(Streets!$A$2:$A$255,$A15,Streets!$E$2:$E$255,"Check") -> 0 | E15: =COUNTIFS(Streets!$A$2:$A$255,$A15,Streets!$E$2:$E$255,"Drop") -> 0 | F15: =COUNTIFS(Streets!$A$2:$A$255,$A15,Streets!$F$2:$F$255,"Keep") -> 0 | G15: =COUNTIFS(Streets!$A$2:$A$255,$A15,Streets!$F$2:$F$255,"") -> 30
A16: Pietermaritzburg (Msunduzi) | B16: =COUNTIFS(Streets!$A$2:$A$255,$A16,Streets!$E$2:$E$255,"Keep") -> 18 | C16: =COUNTIFS(Streets!$A$2:$A$255,$A16,Streets!$E$2:$E$255,"Add") -> 0 | D16: =COUNTIFS(Streets!$A$2:$A$255,$A16,Streets!$E$2:$E$255,"Check") -> 1 | E16: =COUNTIFS(Streets!$A$2:$A$255,$A16,Streets!$E$2:$E$255,"Drop") -> 3 | F16: =COUNTIFS(Streets!$A$2:$A$255,$A16,Streets!$F$2:$F$255,"Keep") -> 0 | G16: =COUNTIFS(Streets!$A$2:$A$255,$A16,Streets!$F$2:$F$255,"") -> 22
A17: Johannesburg | B17: =COUNTIFS(Streets!$A$2:$A$255,$A17,Streets!$E$2:$E$255,"Keep") -> 9 | C17: =COUNTIFS(Streets!$A$2:$A$255,$A17,Streets!$E$2:$E$255,"Add") -> 6 | D17: =COUNTIFS(Streets!$A$2:$A$255,$A17,Streets!$E$2:$E$255,"Check") -> 0 | E17: =COUNTIFS(Streets!$A$2:$A$255,$A17,Streets!$E$2:$E$255,"Drop") -> 5 | F17: =COUNTIFS(Streets!$A$2:$A$255,$A17,Streets!$F$2:$F$255,"Keep") -> 0 | G17: =COUNTIFS(Streets!$A$2:$A$255,$A17,Streets!$F$2:$F$255,"") -> 20
A18: Cape Town | B18: =COUNTIFS(Streets!$A$2:$A$255,$A18,Streets!$E$2:$E$255,"Keep") -> 14 | C18: =COUNTIFS(Streets!$A$2:$A$255,$A18,Streets!$E$2:$E$255,"Add") -> 0 | D18: =COUNTIFS(Streets!$A$2:$A$255,$A18,Streets!$E$2:$E$255,"Check") -> 2 | E18: =COUNTIFS(Streets!$A$2:$A$255,$A18,Streets!$E$2:$E$255,"Drop") -> 8 | F18: =COUNTIFS(Streets!$A$2:$A$255,$A18,Streets!$F$2:$F$255,"Keep") -> 0 | G18: =COUNTIFS(Streets!$A$2:$A$255,$A18,Streets!$F$2:$F$255,"") -> 24
A19: Potchefstroom | B19: =COUNTIFS(Streets!$A$2:$A$255,$A19,Streets!$E$2:$E$255,"Keep") -> 11 | C19: =COUNTIFS(Streets!$A$2:$A$255,$A19,Streets!$E$2:$E$255,"Add") -> 0 | D19: =COUNTIFS(Streets!$A$2:$A$255,$A19,Streets!$E$2:$E$255,"Check") -> 3 | E19: =COUNTIFS(Streets!$A$2:$A$255,$A19,Streets!$E$2:$E$255,"Drop") -> 0 | F19: =COUNTIFS(Streets!$A$2:$A$255,$A19,Streets!$F$2:$F$255,"Keep") -> 0 | G19: =COUNTIFS(Streets!$A$2:$A$255,$A19,Streets!$F$2:$F$255,"") -> 14
A20: Gqeberha (Nelson Mandela Bay) | B20: =COUNTIFS(Streets!$A$2:$A$255,$A20,Streets!$E$2:$E$255,"Keep") -> 3 | C20: =COUNTIFS(Streets!$A$2:$A$255,$A20,Streets!$E$2:$E$255,"Add") -> 0 | D20: =COUNTIFS(Streets!$A$2:$A$255,$A20,Streets!$E$2:$E$255,"Check") -> 0 | E20: =COUNTIFS(Streets!$A$2:$A$255,$A20,Streets!$E$2:$E$255,"Drop") -> 3 | F20: =COUNTIFS(Streets!$A$2:$A$255,$A20,Streets!$F$2:$F$255,"Keep") -> 0 | G20: =COUNTIFS(Streets!$A$2:$A$255,$A20,Streets!$F$2:$F$255,"") -> 6
A21: Modimolle | B21: =COUNTIFS(Streets!$A$2:$A$255,$A21,Streets!$E$2:$E$255,"Keep") -> 3 | C21: =COUNTIFS(Streets!$A$2:$A$255,$A21,Streets!$E$2:$E$255,"Add") -> 0 | D21: =COUNTIFS(Streets!$A$2:$A$255,$A21,Streets!$E$2:$E$255,"Check") -> 0 | E21: =COUNTIFS(Streets!$A$2:$A$255,$A21,Streets!$E$2:$E$255,"Drop") -> 0 | F21: =COUNTIFS(Streets!$A$2:$A$255,$A21,Streets!$F$2:$F$255,"Keep") -> 0 | G21: =COUNTIFS(Streets!$A$2:$A$255,$A21,Streets!$F$2:$F$255,"") -> 3
A22: KwaDukuza | B22: =COUNTIFS(Streets!$A$2:$A$255,$A22,Streets!$E$2:$E$255,"Keep") -> 2 | C22: =COUNTIFS(Streets!$A$2:$A$255,$A22,Streets!$E$2:$E$255,"Add") -> 0 | D22: =COUNTIFS(Streets!$A$2:$A$255,$A22,Streets!$E$2:$E$255,"Check") -> 0 | E22: =COUNTIFS(Streets!$A$2:$A$255,$A22,Streets!$E$2:$E$255,"Drop") -> 0 | F22: =COUNTIFS(Streets!$A$2:$A$255,$A22,Streets!$F$2:$F$255,"Keep") -> 0 | G22: =COUNTIFS(Streets!$A$2:$A$255,$A22,Streets!$F$2:$F$255,"") -> 2
A23: Bethal | B23: =COUNTIFS(Streets!$A$2:$A$255,$A23,Streets!$E$2:$E$255,"Keep") -> 1 | C23: =COUNTIFS(Streets!$A$2:$A$255,$A23,Streets!$E$2:$E$255,"Add") -> 0 | D23: =COUNTIFS(Streets!$A$2:$A$255,$A23,Streets!$E$2:$E$255,"Check") -> 0 | E23: =COUNTIFS(Streets!$A$2:$A$255,$A23,Streets!$E$2:$E$255,"Drop") -> 0 | F23: =COUNTIFS(Streets!$A$2:$A$255,$A23,Streets!$F$2:$F$255,"Keep") -> 0 | G23: =COUNTIFS(Streets!$A$2:$A$255,$A23,Streets!$F$2:$F$255,"") -> 1
A24: Bloemfontein (Mangaung) | B24: =COUNTIFS(Streets!$A$2:$A$255,$A24,Streets!$E$2:$E$255,"Keep") -> 1 | C24: =COUNTIFS(Streets!$A$2:$A$255,$A24,Streets!$E$2:$E$255,"Add") -> 0 | D24: =COUNTIFS(Streets!$A$2:$A$255,$A24,Streets!$E$2:$E$255,"Check") -> 1 | E24: =COUNTIFS(Streets!$A$2:$A$255,$A24,Streets!$E$2:$E$255,"Drop") -> 2 | F24: =COUNTIFS(Streets!$A$2:$A$255,$A24,Streets!$F$2:$F$255,"Keep") -> 0 | G24: =COUNTIFS(Streets!$A$2:$A$255,$A24,Streets!$F$2:$F$255,"") -> 4
... A39: Zastron | B39: =COUNTIFS(Streets!$A$2:$A$255,$A39,Streets!$E$2:$E$255,"Keep") -> 0 | C39: =COUNTIFS(Streets!$A$2:$A$255,$A39,Streets!$E$2:$E$255,"Add") -> 0 | D39: =COUNTIFS(Streets!$A$2:$A$255,$A39,Streets!$E$2:$E$255,"Check") -> 0 | E39: =COUNTIFS(Streets!$A$2:$A$255,$A39,Streets!$E$2:$E$255,"Drop") -> 1 | F39: =COUNTIFS(Streets!$A$2:$A$255,$A39,Streets!$F$2:$F$255,"Keep") -> 0 | G39: =COUNTIFS(Streets!$A$2:$A$255,$A39,Streets!$F$2:$F$255,"") -> 1
A40: Total | B40: =SUM(B13:B39) -> 160 | C40: =SUM(C13:C39) -> 37 | D40: =SUM(D13:D39) -> 15 | E40: =SUM(E13:E39) -> 42 | F40: =SUM(F13:F39) -> 0 | G40: =SUM(G13:G39) -> 254
A42: What the research found
A43: • OpenStreetMap has 5,087 South African street pieces tagged with an old name. Merged, they give 217 old/new pairs; 160 are clear renames.
A44: • Durban (64), Pretoria (29), Pietermaritzburg (18), Cape Town (14) and Potchefstroom (11) have enough to make the add-on worthwhile.
A45: • Pretoria matches the city's official 2012 list well: 26 of 28 lines are in the map data; the other 2 are added by hand.
A46: • Johannesburg's 2014-15 inner-city renames (Bree, Jeppe, President, Noord, Sauer) are missing from the map data and are added by hand.
A47: • Ekurhuleni's 44 renames (approved 2019) are almost all missing; 29 with a clear old street name are added by hand. Their positions must be set by hand.
A48: • In 2011 a court reversed 9 of Durban's first-phase renames. The map data follows the current signs, but this is worth a check.
A49: • Polokwane, Mbombela and most small towns: no street renames found (they were renamed as towns only).
A50: • Map data © OpenStreetMap contributors (ODbL): the app must credit OpenStreetMap wherever these street names appear.

Sheet Streets
A1: Area | B1: Town / suburb | C1: Old name | D1: New name | E1: Suggested | F1: Founder decision | G1: Notes | H1: Source | I1: Latitude | J1: Longitude | K1: Map segments | L1: Road type | M1: See on map
A2: Bethal | B2: Bethal | C2: Church Street | D2: Jabulani Selepe Street | E2: Keep | H2: OpenStreetMap | I2: -26.45266 | J2: 29.46687 | K2: 5 | L2: tertiary | M2: Open map
A3: Bloemfontein (Mangaung) | B3: Bloemfontein | C3: Andries Pretorius Street | D3: Raymond Mhlaba Street | E3: Keep | H3: OpenStreetMap | I3: -29.1052 | J3: 26.23482 | K3: 17 | L3: primary | M3: Open map
A4: Bloemfontein (Mangaung) | B4: Bloemfontein | C4: Haldon Road | D4: Walter Sisulu Road | E4: Check | G4: Confirm with Mangaung | H4: OpenStreetMap | I4: -29.1234 | J4: 26.19797 | K4: 34 | L4: trunk | M4: Open map
A5: Bloemfontein (Mangaung) | B5: Bloemfontein | C5: Haldon Road | D5: Bell Street | E5: Drop | G5: Mapping detail: only a short joining segment | H5: OpenStreetMap | I5: -29.12547 | J5: 26.18381 | K5: 1 | L5: residential | M5: Open map
A6: Bloemfontein (Mangaung) | B6: Bloemfontein | C6: Pasteur Drive | D6: Van Rippen Crescent | E6: Drop | G6: Small local change | H6: OpenStreetMap | I6: -29.13524 | J6: 26.18792 | K6: 3 | L6: residential | M6: Open map
A7: Cape Town | B7: Cape Town | C7: Oswald Pirow Street | D7: Christiaan Barnard Street | E7: Keep | H7: OpenStreetMap | I7: -33.9211 | J7: 18.43371 | K7: 25 | L7: secondary | M7: Open map
A8: Cape Town | B8: Cape Town | C8: Table Bay Boulevard | D8: F.W. de Klerk Boulevard | E8: Keep | H8: OpenStreetMap | I8: -33.92133 | J8: 18.45198 | K8: 42 | L8: motorway | M8: Open map
A9: Cape Town | B9: Lansdowne | C9: Lansdowne Road | D9: Govan Mbeki Road | E9: Keep | H9: OpenStreetMap | I9: -34.00239 | J9: 18.51792 | K9: 150 | L9: secondary | M9: Open map
A10: Cape Town | B10: Cape Town | C10: Keizersgracht | D10: Hanover Street | E10: Keep | G10: Also mapped as: Keizersgracht Road | H10: OpenStreetMap | I10: -33.93266 | J10: 18.43728 | K10: 80 | L10: tertiary | M10: Open map
A11: Cape Town | B11: Cape Town | C11: Western Boulevard | D11: Helen Suzman Boulevard | E11: Keep | H11: OpenStreetMap | I11: -33.90727 | J11: 18.41042 | K11: 46 | L11: primary | M11: Open map
A12: Cape Town | B12: Claremont | C12: Lansdowne Road | D12: Imam Haron Road | E12: Keep | H12: OpenStreetMap | I12: -33.98306 | J12: 18.4685 | K12: 42 | L12: primary | M12: Open map
A13: Cape Town | B13: Athlone | C13: Vanguard Drive | D13: Jakes Gerwel Drive | E13: Keep | H13: OpenStreetMap | I13: -33.95529 | J13: 18.54096 | K13: 232 | L13: trunk | M13: Open map
A14: Cape Town | B14: Kuils River | C14: Lansdowne Road | D14: Japhta K. Masemola Road | E14: Keep | H14: OpenStreetMap | I14: -34.00893 | J14: 18.63592 | K14: 76 | L14: secondary | M14: Open map
A15: Cape Town | B15: Athlone | C15: Washington Drive | D15: King Langalibalele Drive | E15: Keep | H15: OpenStreetMap | I15: -33.94555 | J15: 18.53768 | K15: 19 | L15: tertiary | M15: Open map
A16: Cape Town | B16: Cape Town | C16: Eastern Boulevard | D16: Nelson Mandela Boulevard | E16: Keep | H16: OpenStreetMap | I16: -33.9189 | J16: 18.4332 | K16: 59 | L16: motorway | M16: Open map
A17: Cape Town | B17: Cape Town | C17: De Waal Drive | D17: Philip Kgosana Drive | E17: Keep | H17: OpenStreetMap | I17: -33.93877 | J17: 18.44395 | K17: 17 | L17: primary | M17: Open map
A18: Cape Town | B18: Athlone | C18: Modderdam Road | D18: Robert Sobukwe Road | E18: Keep | G18: Also mapped as: Modderdam East-West Road | H18: OpenStreetMap | I18: -33.95853 | J18: 18.55875 | K18: 78 | L18: primary | M18: Open map
A19: Cape Town | B19: Durbanville | C19: Hendrik Verwoerd Drive | D19: Uys Krige Drive | E19: Keep | H19: OpenStreetMap | I19: -33.88612 | J19: 18.61006 | K19: 78 | L19: tertiary | M19: Open map
A20: Cape Town | B20: Cape Town | C20: Coen Steytler Avenue | D20: Walter Sisulu Avenue | E20: Keep | H20: OpenStreetMap | I20: -33.91701 | J20: 18.4272 | K20: 13 | L20: tertiary | M20: Open map
A21: Cape Town | B21: Rosebank | C21: Ring Road | D21: Madiba Circle | E21: Check | G21: Campus/service road; confirm | H21: OpenStreetMap | I21: -33.95499 | J21: 18.46161 | K21: 4 | L21: service | M21: Open map
A22: Cape Town | B22: Cape Town | C22: Justice Street | D22: Rabbi Mirvish Avenue | E22: Check | G22: Short street; confirm with City of Cape Town | H22: OpenStreetMap | I22: -33.93695 | J22: 18.41923 | K22: 1 | L22: residential | M22: Open map
A23: Cape Town | B23: Cape Town | C23: Western Boulevard | D23: Beach Road | E23: Drop | G23: Mapping detail: only a short joining segment | H23: OpenStreetMap | I23: -33.9064 | J23: 18.39846 | K23: 2 | L23: primary | M23: Open map
A24: Cape Town | B24: Simon's Town | C24: Goede Gift Road | D24: Flagship Way | E24: Drop | G24: A flight of steps, not a street | H24: OpenStreetMap | I24: -34.19419 | J24: 18.43244 | K24: 1 | L24: steps | M24: Open map
A25: Cape Town | B25: Cape Town | C25: Western Boulevard | D25: Hans Strijdom Avenue | E25: Drop | G25: Mapping detail: only a short joining segment | H25: OpenStreetMap | I25: -33.91575 | J25: 18.42235 | K25: 2 | L25: primary | M25: Open map
A26: Cape Town | B26: Claremont | C26: Lansdowne Road | D26: Palmyra Road | E26: Drop | G26: Mapping detail: only a short joining segment | H26: OpenStreetMap | I26: -33.98269 | J26: 18.46791 | K26: 2 | L26: primary | M26: Open map
A27: Cape Town | B27: Durbanville | C27: Alexandra Street | D27: Protea Street | E27: Drop | G27: Small local change | H27: OpenStreetMap | I27: -33.89488 | J27: 18.62856 | K27: 1 | L27: residential | M27: Open map
A28: Cape Town | B28: Cape Town | C28: De Waal Drive Service Road | D28: Service Road | E28: Drop | G28: Service road, not a rename | H28: OpenStreetMap | I28: -33.93494 | J28: 18.43156 | K28: 1 | L28: residential | M28: Open map
A29: Cape Town | B29: Athlone | C29: Zone 5 Road | D29: Washington Drive | E29: Drop | G29: Township zone number replaced by a name | H29: OpenStreetMap | I29: -33.94602 | J29: 18.53375 | K29: 4 | L29: tertiary | M29: Open map
A30: Cape Town | B30: Athlone | C30: Zone 16 Road | D30: Washington Drive | E30: Drop | G30: Township zone number replaced by a name | H30: OpenStreetMap | I30: -33.94624 | J30: 18.53594 | K30: 1 | L30: tertiary | M30: Open map
A31: Durban (eThekwini) | B31: Durban | C31: Kensington Drive | D31: Adelaide Tambo Drive | E31: Keep | H31: OpenStreetMap | I31: -29.77512 | J31: 31.04417 | K31: 17 | L31: tertiary | M31: Open map
A32: Durban (eThekwini) | B32: Durban | C32: Smith Street | D32: Anton Lembede Street | E32: Keep | H32: OpenStreetMap | I32: -29.86159 | J32: 31.01056 | K32: 25 | L32: primary | M32: Open map
A33: Durban (eThekwini) | B33: Durban | C33: Old Fort Place | D33: Archie Gumede Place | E33: Keep | H33: OpenStreetMap | I33: -29.85072 | J33: 31.02471 | K33: 10 | L33: residential | M33: Open map
A34: Durban (eThekwini) | B34: Durban | C34: Victoria Street | D34: Bertha Mkhize Street | E34: Keep | H34: OpenStreetMap | I34: -29.8555 | J34: 31.02215 | K34: 6 | L34: tertiary | M34: Open map
A35: Durban (eThekwini) | B35: Durban | C35: Ordnance Road | D35: Bram Fischer Road | E35: Keep | H35: OpenStreetMap | I35: -29.85306 | J35: 31.02189 | K35: 9 | L35: trunk | M35: Open map
A36: Durban (eThekwini) | B36: Durban | C36: Beatrice Street | D36: Charlotte Maxeke Street | E36: Keep | H36: OpenStreetMap | I36: -29.85199 | J36: 31.01534 | K36: 13 | L36: tertiary | M36: Open map
A37: Durban (eThekwini) | B37: Berea | C37: Moore Road | D37: Che Guevara Road | E37: Keep | H37: OpenStreetMap | I37: -29.85539 | J37: 30.99818 | K37: 21 | L37: secondary | M37: Open map
A38: Durban (eThekwini) | B38: Berea | C38: North Coast Road | D38: Chris Hani Road | E38: Keep | H38: OpenStreetMap | I38: -29.80901 | J38: 31.01436 | K38: 114 | L38: primary | M38: Open map
A39: Durban (eThekwini) | B39: Ntuzuma | C39: KwaMashu Highway | D39: Curnick Ndlovu Highway | E39: Keep | H39: OpenStreetMap | I39: -29.75124 | J39: 31.01204 | K39: 42 | L39: primary | M39: Open map
A40: Durban (eThekwini) | B40: Durban | C40: Leopold Street | D40: David Webster Street | E40: Keep | H40: OpenStreetMap | I40: -29.85579 | J40: 31.01159 | K40: 14 | L40: tertiary | M40: Open map
A41: Durban (eThekwini) | B41: Durban | C41: Queen Street | D41: Denis Hurley Street | E41: Keep | H41: OpenStreetMap | I41: -29.85699 | J41: 31.01484 | K41: 7 | L41: tertiary | M41: Open map
A42: Durban (eThekwini) | B42: Durban | C42: Saint Andrews Street | D42: Diakonia Avenue | E42: Keep | H42: OpenStreetMap | I42: -29.8632 | J42: 31.01513 | K42: 7 | L42: tertiary | M42: Open map
... A78: Durban (eThekwini) | B78: Durban | C78: Marine Parade | D78: O.R. Tambo Parade | E78: Keep | H78: OpenStreetMap | I78: -29.84943 | J78: 31.03698 | K78: 9 | L78: secondary | M78: Open map
A79: Durban (eThekwini) | B79: Berea | C79: Ridge Road | D79: Peter Mokaba Road | E79: Keep | G79: Also mapped as: Peter Mokaba Ridge | H79: OpenStreetMap | I79: -29.83494 | J79: 31.00074 | K79: 17 | L79: tertiary | M79: Open map
A80: Durban (eThekwini) | B80: Berea | C80: Cowey Road | D80: Problem Mkhize Road | E80: Keep | H80: OpenStreetMap | I80: -29.83339 | J80: 31.01429 | K80: 4 | L80: residential | M80: Open map
A81: Durban (eThekwini) | B81: Berea | C81: Edith Benson Crescent | D81: Problem Mkhize Road | E81: Keep | H81: OpenStreetMap | I81: -29.84688 | J81: 31.00481 | K81: 5 | L81: primary | M81: Open map
A82: Durban (eThekwini) | B82: Berea | C82: Stanley Copley Drive | D82: R.D. Naidu Drive | E82: Keep | H82: OpenStreetMap | I82: -29.82548 | J82: 30.99591 | K82: 18 | L82: tertiary | M82: Open map
A83: Durban (eThekwini) | B83: Berea | C83: Francois Road | D83: Rick Turner Road | E83: Keep | G83: Also mapped as: Francoise Road | H83: OpenStreetMap | I83: -29.87393 | J83: 30.98177 | K83: 47 | L83: secondary | M83: Open map
A84: Durban (eThekwini) | B84: Durban | C84: Northern Freeway | D84: Ruth First Highway | E84: Keep | H84: OpenStreetMap | I84: -29.83543 | J84: 31.03122 | K84: 14 | L84: motorway | M84: Open map
A85: Durban (eThekwini) | B85: Durban | C85: Aliwal Street | D85: Samora Machel Street | E85: Keep | H85: OpenStreetMap | I85: -29.86031 | J85: 31.02834 | K85: 15 | L85: secondary | M85: Open map
A86: Durban (eThekwini) | B86: Durban | C86: Argyle Road | D86: Sandile Thusi Road | E86: Keep | H86: OpenStreetMap | I86: -29.83742 | J86: 31.02539 | K86: 61 | L86: primary | M86: Open map
A87: Durban (eThekwini) | B87: Durban | C87: Goble Road | D87: Smiso Nkwanyana Road | E87: Keep | H87: OpenStreetMap | I87: -29.81995 | J87: 31.02349 | K87: 8 | L87: tertiary | M87: Open map
A88: Durban (eThekwini) | B88: Berea | C88: Edwin Swales VC Drive | D88: Solomon Mahlangu Drive | E88: Keep | H88: OpenStreetMap | I88: -29.8809 | J88: 30.96162 | K88: 63 | L88: trunk | M88: Open map
A89: Durban (eThekwini) | B89: Berea | C89: Queen Mary Avenue | D89: Sphiwe Zuma Avenue | E89: Keep | H89: OpenStreetMap | I89: -29.8811 | J89: 30.98405 | K89: 9 | L89: tertiary | M89: Open map
A90: Durban (eThekwini) | B90: Durban | C90: Stanger Street | D90: Stalwart Simelane Street | E90: Keep | H90: OpenStreetMap | I90: -29.84165 | J90: 31.02967 | K90: 27 | L90: trunk | M90: Open map
A91: Durban (eThekwini) | B91: Berea | C91: Essenwood Road | D91: Stephen Dlamini Road | E91: Keep | H91: OpenStreetMap | I91: -29.84847 | J91: 30.99808 | K91: 21 | L91: secondary | M91: Open map
A92: Durban (eThekwini) | B92: Durban | C92: Broadway | D92: Swapo Road | E92: Keep | H92: OpenStreetMap | I92: -29.78392 | J92: 31.0365 | K92: 34 | L92: tertiary | M92: Open map
A93: Durban (eThekwini) | B93: Durban | C93: Brickhill Road | D93: Sylvester Ntuli Road | E93: Keep | H93: OpenStreetMap | I93: -29.84235 | J93: 31.03229 | K93: 25 | L93: primary | M93: Open map
A94: Durban (eThekwini) | B94: Berea | C94: Nicholson Road | D94: Z.K. Matthews Road | E94: Keep | H94: OpenStreetMap | I94: -29.86984 | J94: 30.98953 | K94: 12 | L94: tertiary | M94: Open map
A95: Durban (eThekwini) | B95: Berea | C95: Berea Road | D95: Chris Ntuli Road | E95: Check | G95: Only 2 segments; the main Berea Road became King Dinuzulu Road | H95: OpenStreetMap | I95: -29.85471 | J95: 31.00401 | K95: 2 | L95: secondary | M95: Open map
A96: Durban (eThekwini) | B96: Durban | C96: Albert Street | D96: Ingcuce Road | E96: Check | G96: Confirm against eThekwini list | H96: OpenStreetMap | I96: -29.84943 | J96: 31.01786 | K96: 15 | L96: secondary | M96: Open map
A97: Durban (eThekwini) | B97: Ntuzuma | C97: 106398 Street | D97: Curnick Ndlovu Highway | E97: Drop | G97: Numbered placeholder street. Also mapped as: Curnick Ndlovu | H97: OpenStreetMap | I97: -29.73762 | J97: 30.98629 | K97: 1 | L97: residential | M97: Open map
A98: Durban (eThekwini) | B98: Ntuzuma | C98: 121915 Street | D98: Frosthaven Close | E98: Drop | G98: Numbered placeholder street | H98: OpenStreetMap | I98: -29.68685 | J98: 31.02189 | K98: 1 | L98: residential | M98: Open map
A99: Durban (eThekwini) | B99: Ntuzuma | C99: 121587 Street | D99: Honeyhaven Close | E99: Drop | G99: Numbered placeholder street | H99: OpenStreetMap | I99: -29.6873 | J99: 31.02191 | K99: 1 | L99: residential | M99: Open map
A100: Durban (eThekwini) | B100: Ntuzuma | C100: 121586 Street | D100: Kingshaven Place | E100: Drop | G100: Numbered placeholder street | H100: OpenStreetMap | I100: -29.68697 | J100: 31.0216 | K100: 1 | L100: residential | M100: Open map
A101: Durban (eThekwini) | B101: Durban | C101: Canal Road | D101: Richard Walne Road | E101: Drop | G101: Service road, small local change | H101: OpenStreetMap | I101: -29.86745 | J101: 31.01403 | K101: 5 | L101: service | M101: Open map
A102: Durban (eThekwini) | B102: Ntuzuma | C102: 121377 Street | D102: Silverbrook Road | E102: Drop | G102: Numbered placeholder street | H102: OpenStreetMap | I102: -29.68356 | J102: 31.00382 | K102: 2 | L102: residential | M102: Open map
A103: East London (Buffalo City) | B103: KuGompo City | C103: Bruce-Bays Bridge | D103: Buffalo Bridge | E103: Check | G103: A bridge; confirm with Buffalo City | H103: OpenStreetMap | I103: -33.02311 | J103: 27.89489 | K103: 1 | L103: tertiary | M103: Open map
A104: Ekurhuleni (East Rand) | B104: Benoni | C104: Atlas Road | D104: Solomon Jefferson Mahlangu Road | E104: Keep | H104: OpenStreetMap | I104: -26.14435 | J104: 28.27017 | K104: 2 | L104: primary | M104: Open map
A105: Ekurhuleni (East Rand) | B105: Ekurhuleni | C105: Swartkoppies Road | D105: Ali Maziya | E105: Add | G105: On Ekurhuleni's list of 44 (approved 2019, signs going up from 2021); street type not given in the list; not yet in the map data, position must be added by hand | H105: Official announcement
A106: Ekurhuleni (East Rand) | B106: Ekurhuleni | C106: Tom Jones Road | D106: Amina Cachalia | E106: Add | G106: On Ekurhuleni's list of 44 (approved 2019, signs going up from 2021); street type not given in the list; not yet in the map data, position must be added by hand | H106: Official announcement
A107: Ekurhuleni (East Rand) | B107: Ekurhuleni | C107: Voortrekker Road, Kempton Park | D107: Amon Ngulele | E107: Add | G107: On Ekurhuleni's list of 44 (approved 2019, signs going up from 2021); street type not given in the list; not yet in the map data, position must be added by hand | H107: Official announcement
A108: Ekurhuleni (East Rand) | B108: Ekurhuleni | C108: Rietfontein Road | D108: Chris Dlamini | E108: Add | G108: On Ekurhuleni's list of 44 (approved 2019, signs going up from 2021); street type not given in the list; not yet in the map data, position must be added by hand | H108: Official announcement
A109: Ekurhuleni (East Rand) | B109: Ekurhuleni | C109: Putfontein Road | D109: Cleoupas Nsibanda | E109: Add | G109: On Ekurhuleni's list of 44 (approved 2019, signs going up from 2021); street type not given in the list; not yet in the map data, position must be added by hand | H109: Official announcement
A110: Ekurhuleni (East Rand) | B110: Ekurhuleni | C110: Tonk Meter Road | D110: Congress Skhumbuzo Mtsweni | E110: Add | G110: On Ekurhuleni's list of 44 (approved 2019, signs going up from 2021); street type not given in the list; not yet in the map data, position must be added by hand | H110: Official announcement
A111: Ekurhuleni (East Rand) | B111: Ekurhuleni | C111: Heidelberg Road | D111: David Bopape | E111: Add | G111: On Ekurhuleni's list of 44 (approved 2019, signs going up from 2021); street type not given in the list; not yet in the map data, position must be added by hand | H111: Official announcement
A112: Ekurhuleni (East Rand) | B112: Ekurhuleni | C112: Barry Marais Road | D112: George Makhubela | E112: Add | G112: On Ekurhuleni's list of 44 (approved 2019, signs going up from 2021); street type not given in the list; not yet in the map data, position must be added by hand | H112: Official announcement
A113: Ekurhuleni (East Rand) | B113: Ekurhuleni | C113: Osborne Road | D113: Johnson Nonjeke | E113: Add | G113: On Ekurhuleni's list of 44 (approved 2019, signs going up from 2021); street type not given in the list; not yet in the map data, position must be added by hand | H113: Official announcement
A114: Ekurhuleni (East Rand) | B114: Ekurhuleni | C114: Griffiths Road | D114: Joseph Tate Kagarose | E114: Add | G114: On Ekurhuleni's list of 44 (approved 2019, signs going up from 2021); street type not given in the list; not yet in the map data, position must be added by hand | H114: Official announcement
A115: Ekurhuleni (East Rand) | B115: Ekurhuleni | C115: Denne Road / Goods Road | D115: Kunyamane Ranyaoa | E115: Add | G115: On Ekurhuleni's list of 44 (approved 2019, signs going up from 2021); street type not given in the list; not yet in the map data, position must be added by hand | H115: Official announcement
A116: Ekurhuleni (East Rand) | B116: Ekurhuleni | C116: Barbara Road | D116: Lazarus Mawela | E116: Add | G116: On Ekurhuleni's list of 44 (approved 2019, signs going up from 2021); street type not given in the list; not yet in the map data, position must be added by hand | H116: Official announcement
... A133: Ekurhuleni (East Rand) | B133: Ekurhuleni | C133: Benoni Road | D133: Willie Oupa Lukhele | E133: Add | G133: On Ekurhuleni's list of 44 (approved 2019, signs going up from 2021); street type not given in the list; not yet in the map data, position must be added by hand | H133: Official announcement
A134: Emgwenya | B134: Emgwenya | C134: 3rd Avenue | D134: Josiah Mathebula Street | E134: Check | G134: Single segment; confirm | H134: OpenStreetMap | I134: -25.64389 | J134: 30.32725 | K134: 1 | L134: tertiary | M134: Open map
A135: George | B135: George | C135: Sandkraal Road | D135: Nelson Mandela Boulevard | E135: Keep | G135: Also mapped as: Nelson Mandela Blvd | H135: OpenStreetMap | I135: -33.99026 | J135: 22.47407 | K135: 41 | L135: tertiary | M135: Open map
A136: George | B136: George | C136: Albert | D136: Nelson Mandela Boulevard | E136: Check | G136: Old name looks incomplete in the map data. Also mapped as: Nelson Mandela Blvd | H136: OpenStreetMap | I136: -33.97041 | J136: 22.46535 | K136: 4 | L136: tertiary | M136: Open map
A137: George | B137: George | C137: Kweek | D137: Struik Street | E137: Drop | G137: Small local change | H137: OpenStreetMap | I137: -33.96828 | J137: 22.44777 | K137: 1 | L137: residential | M137: Open map
A138: Gqeberha (Nelson Mandela Bay) | B138: Gqeberha | C138: Belmont Terrace | D138: Athol Fugard Terrace | E138: Keep | H138: OpenStreetMap | I138: -33.96549 | J138: 25.62028 | K138: 4 | L138: residential | M138: Open map
A139: Gqeberha (Nelson Mandela Bay) | B139: Gqeberha | C139: Whites Road | D139: John Kani Road | E139: Keep | H139: OpenStreetMap | I139: -33.96238 | J139: 25.62293 | K139: 3 | L139: tertiary | M139: Open map
A140: Gqeberha (Nelson Mandela Bay) | B140: Gqeberha | C140: Chapel Street | D140: Winston Ntshona Street | E140: Keep | H140: OpenStreetMap | I140: -33.96132 | J140: 25.62123 | K140: 4 | L140: residential | M140: Open map
A141: Gqeberha (Nelson Mandela Bay) | B141: Gqeberha | C141: King Edward Street | D141: 1st Avenue | E141: Drop | G141: Small local change | H141: OpenStreetMap | I141: -33.95761 | J141: 25.57224 | K141: 1 | L141: residential | M141: Open map
A142: Gqeberha (Nelson Mandela Bay) | B142: Gqeberha | C142: Dan Pienaar Street | D142: Link Road | E142: Drop | G142: Small local change | H142: OpenStreetMap | I142: -33.94808 | J142: 25.58317 | K142: 1 | L142: residential | M142: Open map
A143: Gqeberha (Nelson Mandela Bay) | B143: Gqeberha | C143: Union Road | D143: Villiers Road | E143: Drop | G143: Small local change | H143: OpenStreetMap | I143: -33.9818 | J143: 25.57938 | K143: 3 | L143: residential | M143: Open map
A144: Greytown | B144: Greytown | C144: Prince Mangasuthu Buthelezi | D144: Pine Street | E144: Check | G144: Looks like a rename that was reversed; confirm | H144: OpenStreetMap | I144: -29.0573 | J144: 30.59656 | K144: 10 | L144: residential | M144: Open map
A145: Harrismith | B145: Harrismith | C145: Flat Rock Pass | D145: Donkey Pass | E145: Drop | G145: A farm track, not a street | H145: OpenStreetMap | I145: -28.27853 | J145: 29.19405 | K145: 1 | L145: track | M145: Open map
A146: Heidelberg | B146: Heidelberg | C146: Spoorwegstraat | D146: Voortrekker Street | E146: Drop | G146: Small local change | H146: OpenStreetMap | I146: -26.50698 | J146: 28.36684 | K146: 1 | L146: residential | M146: Open map
A147: Johannesburg | B147: Johannesburg | C147: Maraisburg Road | D147: Albertina Sisulu Road | E147: Keep | H147: OpenStreetMap | I147: -26.18989 | J147: 27.95768 | K147: 20 | L147: primary | M147: Open map
A148: Johannesburg | B148: Soweto | C148: Old Potchefstroom Road | D148: Chris Hani Road | E148: Keep | H148: OpenStreetMap | I148: -26.25971 | J148: 27.94134 | K148: 95 | L148: secondary | M148: Open map
A149: Johannesburg | B149: Alexandra | C149: John Brand Street | D149: Joe Nhlanhla Street | E149: Keep | H149: OpenStreetMap | I149: -26.10189 | J149: 28.09359 | K149: 1 | L149: residential | M149: Open map
A150: Johannesburg | B150: Johannesburg | C150: Harrow Road | D150: Joe Slovo Drive | E150: Keep | H150: OpenStreetMap | I150: -26.19052 | J150: 28.05803 | K150: 20 | L150: secondary | M150: Open map
A151: Johannesburg | B151: Alexandra | C151: Rooth Street | D151: Josias Madzunya Street | E151: Keep | H151: OpenStreetMap | I151: -26.10834 | J151: 28.10848 | K151: 5 | L151: residential | M151: Open map
...

Sheet Sources
A1: Source | B1: Link
A2: OpenStreetMap (old_name tags), via Overpass API, October 2026 | B2: https://www.openstreetmap.org/copyright
A3: SAnews: Tshwane Metro to proceed with street name changes (2012) | B3: https://www.sanews.gov.za/south-africa/tshwane-metro-proceed-street-name-changes
A4: The Heritage Portal: A Deeper Look at Johannesburg's New Street Names | B4: https://www.theheritageportal.co.za/article/deeper-look-johannesburgs-new-street-names
A5: BusinessTech: These 44 roads in Ekurhuleni are getting a name change (Oct 2021) | B5: https://businesstech.co.za/news/government/528874/these-44-roads-in-ekurhuleni-are-getting-a-name-change-what-you-need-to-know/
A6: IOL: Nine (Durban) street names to revert (Dec 2011) | B6: https://iol.co.za/news/south-africa/kwazulu-natal/2011-12-01-nine-street-names-to-revert/
A7: Supreme Court of Appeal judgment on the Durban renames (2011) | B7: https://lawlibrary.org.za/akn/za/judgment/zasca/2011/221
